ITEM_OPTION,ITEM_LEVEL,SUCCESS_RATE,LOW_OPTION_STONE_INDEX,LOW_PENALTY_RATE_0,LOW_PENALTY_RATE_1,LOW_PENALTY_RATE_2,HI_OPTION_STONE_INDEX,HI_OPTION_RATE_0,HI_OPTION_RATE_1,HI_PENALTY_RATE_0,HI_PENALTY_RATE_1,HI_PENALTY_RATE_2,ASK_DIL
0,1,50000,9904,100000,0,0,9907,65000,35000,100000,0,0,30
0,2,49825,9904,100000,0,0,9907,65004,34996,100000,0,0,30
0,3,49650,9904,100000,0,0,9907,65010,34990,100000,0,0,30
0,4,49475,9904,100000,0,0,9907,65018,34982,100000,0,0,30
0,5,49300,9904,100000,0,0,9907,65028,34972,100000,0,0,30
0,6,49125,9904,100000,0,0,9907,65040,34960,100000,0,0,30
0,7,48950,9904,100000,0,0,9907,65054,34946,100000,0,0,30
0,8,48775,9904,100000,0,0,9907,65070,34930,100000,0,0,30
0,9,48600,9904,100000,0,0,9907,65088,34912,100000,0,0,30
0,10,48425,9904,100000,0,0,9907,65108,34892,100000,0,0,30
0,11,48250,9904,100000,0,0,9907,65130,34870,100000,0,0,30
0,12,48075,9904,100000,0,0,9907,65154,34846,100000,0,0,30
0,13,47900,9904,100000,0,0,9907,65180,34820,100000,0,0,30
0,14,47725,9904,100000,0,0,9907,65208,34792,100000,0,0,30
0,15,47550,9904,100000,0,0,9907,65238,34762,100000,0,0,34
0,16,47375,9904,100000,0,0,9907,65270,34730,100000,0,0,34
0,17,47200,9904,100000,0,0,9907,65304,34696,100000,0,0,44
0,18,47025,9904,100000,0,0,9907,65340,34660,100000,0,0,54
0,19,46850,9904,100000,0,0,9907,65378,34622,100000,0,0,69
0,20,46675,9904,100000,0,0,9907,65418,34582,100000,0,0,87
0,21,46500,9904,100000,0,0,9907,65460,34540,100000,0,0,89
0,22,46325,9904,100000,0,0,9907,65504,34496,100000,0,0,109
0,23,46150,9904,100000,0,0,9907,65550,34450,100000,0,0,133
0,24,45975,9904,100000,0,0,9907,65598,34402,100000,0,0,160
0,25,45800,9904,100000,0,0,9907,65648,34352,100000,0,0,192
0,26,45625,9904,100000,0,0,9907,65700,34300,100000,0,0,183
0,27,45450,9904,100000,0,0,9907,65754,34246,100000,0,0,216
0,28,45275,9904,100000,0,0,9907,65810,34190,100000,0,0,254
0,29,45100,9904,100000,0,0,9907,65868,34132,100000,0,0,298
0,30,44925,9904,100000,0,0,9907,65928,34072,100000,0,0,349
0,31,44750,9904,100000,0,0,9907,65990,34010,100000,0,0,401
0,32,44575,9904,100000,0,0,9907,66054,33946,100000,0,0,464
0,33,44400,9904,100000,0,0,9907,66120,33880,100000,0,0,537
0,34,44225,9904,100000,0,0,9907,66188,33812,100000,0,0,613
0,35,44050,9904,100000,0,0,9907,66258,33742,100000,0,0,703
0,36,43875,9904,100000,0,0,9907,66330,33670,100000,0,0,797
0,37,43700,9904,100000,0,0,9907,66404,33596,100000,0,0,905
0,38,43525,9904,100000,0,0,9907,66480,33520,100000,0,0,1023
0,39,43350,9904,100000,0,0,9907,66558,33442,100000,0,0,1152
0,40,43175,9904,100000,0,0,9907,66638,33362,100000,0,0,1301
0,41,43000,9904,100000,0,0,9907,66720,33280,100000,0,0,1455
0,42,42825,9904,100000,0,0,9907,66804,33196,100000,0,0,1631
0,43,42650,9904,100000,0,0,9907,66890,33110,100000,0,0,1811
0,44,42475,9904,100000,0,0,9907,66978,33022,100000,0,0,2016
0,45,42300,9904,100000,0,0,9907,67068,32932,100000,0,0,2250
0,46,42074,9904,100000,0,0,9907,67160,32840,100000,0,0,2490
0,47,41807,9904,100000,0,0,9907,67254,32746,100000,0,0,2749
0,48,41541,9904,100000,0,0,9907,67350,32650,100000,0,0,3039
0,49,41275,9904,100000,0,0,9907,67448,32552,100000,0,0,3350
0,50,41010,9904,100000,0,0,9907,67548,32452,100000,0,0,3686
0,51,40746,9904,100000,0,0,9907,67650,32350,100000,0,0,4045
0,52,40483,9904,100000,0,0,9907,67754,32246,100000,0,0,4428
0,53,40221,9904,100000,0,0,9907,67860,32140,100000,0,0,4837
0,54,39959,9904,100000,0,0,9907,67968,32032,100000,0,0,5290
0,55,39698,9904,100000,0,0,9907,68078,31922,100000,0,0,5776
0,56,39438,9904,100000,0,0,9907,68190,31810,100000,0,0,6272
0,57,39178,9904,100000,0,0,9907,68304,31696,100000,0,0,6820
0,58,38920,9904,100000,0,0,9907,68420,31580,100000,0,0,7423
0,59,38662,9904,100000,0,0,9907,68538,31462,100000,0,0,8040
0,60,38405,9904,100000,0,0,9907,68658,31342,100000,0,0,8721
0,61,38149,9904,100000,0,0,9907,68780,31220,100000,0,0,9417
0,62,37893,9904,100000,0,0,9907,68904,31096,100000,0,0,10178
0,63,37638,9904,100000,0,0,9907,69030,30970,100000,0,0,10983
0,64,37384,9904,100000,0,0,9907,69158,30842,100000,0,0,11832
0,65,37131,9904,100000,0,0,9907,69288,30712,100000,0,0,12762
0,66,36879,9904,100000,0,0,9907,69420,30580,100000,0,0,13711
0,67,36627,9904,100000,0,0,9907,69554,30446,100000,0,0,14744
0,68,36376,9904,100000,0,0,9907,69690,30310,100000,0,0,15795
0,69,36126,9904,100000,0,0,9907,69828,30172,100000,0,0,16936
0,70,35877,9904,100000,0,0,9907,69968,30032,100000,0,0,18179
0,71,35628,9904,100000,0,0,9907,70110,29890,100000,0,0,19445
0,72,35380,9904,100000,0,0,9907,70254,29746,100000,0,0,20773
0,73,35133,9904,100000,0,0,9907,70400,29600,100000,0,0,22208
0,74,34887,9904,100000,0,0,9907,70548,29452,100000,0,0,23713
0,75,34641,9904,100000,0,0,9907,70698,29302,100000,0,0,25296
0,76,34397,9904,100000,0,0,9907,70850,29150,100000,0,0,26953
0,77,34153,9904,100000,0,0,9907,71004,28996,100000,0,0,28685
0,78,33909,9904,100000,0,0,9907,71160,28840,100000,0,0,30496
0,79,33667,9904,100000,0,0,9907,71318,28682,100000,0,0,32443
0,80,33425,9904,100000,0,0,9907,71478,28522,100000,0,0,34485
0,81,33184,9904,100000,0,0,9907,71640,28360,100000,0,0,36556
0,82,32944,9904,100000,0,0,9907,71804,28196,100000,0,0,38778
0,83,32705,9904,100000,0,0,9907,71970,28030,100000,0,0,41159
0,84,32466,9904,100000,0,0,9907,72138,27862,100000,0,0,43574
0,85,32228,9904,100000,0,0,9907,72308,27692,100000,0,0,46168
0,86,31991,9904,100000,0,0,9907,72480,27520,100000,0,0,48799
0,87,31755,9904,100000,0,0,9907,72654,27346,100000,0,0,51609
0,88,31520,9904,100000,0,0,9907,72830,27170,100000,0,0,54532
0,89,31285,9904,100000,0,0,9907,73008,26992,100000,0,0,57572
0,90,31051,9904,100000,0,0,9907,73188,26812,100000,0,0,60824
0,91,30818,9904,100000,0,0,9907,73370,26630,100000,0,0,64119
0,92,30585,9904,100000,0,0,9907,73554,26446,100000,0,0,67628
0,93,30354,9904,100000,0,0,9907,73740,26260,100000,0,0,71180
0,94,30123,9904,100000,0,0,9907,73928,26072,100000,0,0,74957
0,95,29893,9904,100000,0,0,9907,74118,25882,100000,0,0,78985
0,96,29663,9904,100000,0,0,9907,74310,25690,100000,0,0,83064
0,97,29435,9904,100000,0,0,9907,74504,25496,100000,0,0,87291
0,98,29207,9904,100000,0,0,9907,74700,25300,100000,0,0,91774
0,99,28980,9904,100000,0,0,9907,74898,25102,100000,0,0,96419
0,100,28754,9904,100000,0,0,9907,75098,24902,100000,0,0,101245
0,101,28528,9904,100000,0,0,9907,75300,24700,100000,0,0,106240
0,102,28303,9904,100000,0,0,9907,75504,24496,100000,0,0,111408
0,103,28079,9904,100000,0,0,9907,75710,24290,100000,0,0,116752
0,104,27856,9904,100000,0,0,9907,75918,24082,100000,0,0,122402
0,105,27634,9904,100000,0,0,9907,76128,23872,100000,0,0,128263
0,106,27412,9904,100000,0,0,9907,76340,23660,100000,0,0,134187
0,107,27191,9904,100000,0,0,9907,76554,23446,100000,0,0,140440
0,108,26971,9904,100000,0,0,9907,76770,23230,100000,0,0,147039
0,109,26752,9904,100000,0,0,9907,76988,23012,100000,0,0,153710
0,110,26533,9904,100000,0,0,9907,77208,22792,100000,0,0,160763
0,111,26315,9904,100000,0,0,9907,77430,22570,100000,0,0,167890
0,112,26098,9904,100000,0,0,9907,77654,22346,100000,0,0,175397
0,113,25882,9904,100000,0,0,9907,77880,22120,100000,0,0,183139
0,114,25667,9904,100000,0,0,9907,78108,21892,100000,0,0,191121
0,115,25452,9904,100000,0,0,9907,78338,21662,100000,0,0,199541
0,116,25238,9904,100000,0,0,9907,78570,21430,100000,0,0,208046
0,117,25025,9904,100000,0,0,9907,78804,21196,100000,0,0,216985
0,118,24812,9904,100000,0,0,9907,79040,20960,100000,0,0,226010
0,119,24601,9904,100000,0,0,9907,79278,20722,100000,0,0,235488
0,120,24390,9904,100000,0,0,9907,79518,20482,100000,0,0,245464
0,121,24180,9904,100000,0,0,9907,79760,20240,100000,0,0,255538
0,122,23970,9904,100000,0,0,9907,80004,19996,100000,0,0,265904
0,123,23762,9904,100000,0,0,9907,80250,19750,100000,0,0,276772
0,124,23554,9904,100000,0,0,9907,80498,19502,100000,0,0,287951
0,125,23347,9904,100000,0,0,9907,80748,19252,100000,0,0,299478
0,126,23141,9904,100000,0,0,9907,81000,19000,100000,0,0,311329
0,127,22935,9904,100000,0,0,9907,81254,18746,100000,0,0,323509
0,128,22731,9904,100000,0,0,9907,81510,18490,100000,0,0,336025
0,129,22527,9904,100000,0,0,9907,81768,18232,100000,0,0,349120
0,130,22323,9904,100000,0,0,9907,82028,17972,100000,0,0,362607
0,131,22121,9904,100000,0,0,9907,82290,17710,100000,0,0,376210
0,132,21919,9904,100000,0,0,9907,82554,17446,100000,0,0,390429
0,133,21719,9904,100000,0,0,9907,82820,17180,100000,0,0,405286
0,134,21518,9904,100000,0,0,9907,83088,16912,100000,0,0,420272
0,135,21319,9904,100000,0,0,9907,83358,16642,100000,0,0,435960
0,136,21121,9904,100000,0,0,9907,83630,16370,100000,0,0,451779
0,137,20923,9904,100000,0,0,9907,83904,16096,100000,0,0,468287
0,138,20726,9904,100000,0,0,9907,84180,15820,100000,0,0,485220
0,139,20530,9904,100000,0,0,9907,84458,15542,100000,0,0,502582
0,140,20334,9904,100000,0,0,9907,84738,15262,100000,0,0,520729
0,141,20139,9904,100000,0,0,9907,85020,14980,100000,0,0,539025
0,142,19945,9904,100000,0,0,9907,85304,14696,100000,0,0,558090
0,143,19752,9904,100000,0,0,9907,85590,14410,100000,0,0,577304
0,144,19560,9904,100000,0,0,9907,85878,14122,100000,0,0,597316
0,145,19368,9904,100000,0,0,9907,86168,13832,100000,0,0,618200
0,146,19177,9904,100000,0,0,9907,86460,13540,100000,0,0,639252
0,147,18987,9904,100000,0,0,9907,86754,13246,100000,0,0,660807
0,148,18798,9904,100000,0,0,9907,87050,12950,100000,0,0,683234
0,149,18610,9904,100000,0,0,9907,87348,12652,100000,0,0,706194
0,150,18422,9904,100000,0,0,9907,87648,12352,100000,0,0,729749
0,151,18235,9904,100000,0,0,9907,87950,12050,100000,0,0,753555
0,152,18049,9904,100000,0,0,9907,88254,11746,100000,0,0,777612
0,153,17863,9904,100000,0,0,9907,88560,11440,100000,0,0,801920
0,154,17678,9904,100000,0,0,9907,88868,11132,100000,0,0,826479
0,155,17494,9904,100000,0,0,9907,89178,10822,100000,0,0,851289
0,156,17311,9904,100000,0,0,9907,89490,10510,100000,0,0,876349
0,157,17129,9904,100000,0,0,9907,89804,10196,100000,0,0,901661
0,158,16947,9904,100000,0,0,9907,90120,9880,100000,0,0,927223
0,159,16766,9904,100000,0,0,9907,90438,9562,100000,0,0,953036
0,160,16586,9904,100000,0,0,9907,90758,9242,100000,0,0,979100
0,161,16407,9904,100000,0,0,9907,91080,8920,100000,0,0,1005415
0,162,16229,9904,100000,0,0,9907,91404,8596,100000,0,0,1031981
0,163,16051,9904,100000,0,0,9907,91730,8270,100000,0,0,1058797
0,164,15874,9904,100000,0,0,9907,92058,7942,100000,0,0,1085865
0,165,15698,9904,100000,0,0,9907,92388,7612,100000,0,0,1113183
0,166,15522,9904,100000,0,0,9907,92720,7280,100000,0,0,1140752
0,167,15347,9904,100000,0,0,9907,93054,6946,100000,0,0,1168573
0,168,15174,9904,100000,0,0,9907,93390,6610,100000,0,0,1196644
0,169,15000,9904,100000,0,0,9907,93728,6272,100000,0,0,1224966
0,170,14828,9904,100000,0,0,9907,94068,5932,100000,0,0,1253538
1,1,49900,9904,40000,60000,0,9907,70000,30000,45000,55000,0,60
1,2,49600,9904,39920,60080,0,9907,70004,29996,44950,55050,0,60
1,3,49302,9904,39840,60160,0,9907,70010,29990,44900,55100,0,60
1,4,49004,9904,39760,60240,0,9907,70018,29982,44850,55150,0,60
1,5,48708,9904,39680,60320,0,9907,70028,29972,44800,55200,0,60
1,6,48412,9904,39600,60400,0,9907,70040,29960,44750,55250,0,60
1,7,48116,9904,39520,60480,0,9907,70054,29946,44700,55300,0,60
1,8,47822,9904,39440,60560,0,9907,70070,29930,44650,55350,0,60
1,9,47528,9904,39360,60640,0,9907,70088,29912,44600,55400,0,60
1,10,47236,9904,39280,60720,0,9907,70108,29892,44550,55450,0,60
1,11,46944,9904,39200,60800,0,9907,70130,29870,44500,55500,0,60
1,12,46652,9904,39120,60880,0,9907,70154,29846,44450,55550,0,60
1,13,46362,9904,39040,60960,0,9907,70180,29820,44400,55600,0,60
1,14,46072,9904,38960,61040,0,9907,70208,29792,44350,55650,0,63
1,15,45784,9904,38880,61120,0,9907,70238,29762,44300,55700,0,85
1,16,45496,9904,38800,61200,0,9907,70270,29730,44250,55750,0,83
1,17,45208,9904,38720,61280,0,9907,70304,29696,44200,55800,0,108
1,18,44922,9904,38640,61360,0,9907,70340,29660,44150,55850,0,135
1,19,44636,9904,38560,61440,0,9907,70378,29622,44100,55900,0,171
1,20,44352,9904,38480,61520,0,9907,70418,29582,44050,55950,0,217
1,21,44068,9904,38400,61600,0,9907,70460,29540,44000,56000,0,222
1,22,43784,9904,38320,61680,0,9907,70504,29496,43950,56050,0,271
1,23,43502,9904,38240,61760,0,9907,70550,29450,43900,56100,0,331
1,24,43220,9904,38160,61840,0,9907,70598,29402,43850,56150,0,400
1,25,42940,9904,38080,61920,0,9907,70648,29352,43800,56200,0,480
1,26,42660,9904,38000,62000,0,9907,70700,29300,43750,56250,0,458
1,27,42380,9904,37920,62080,0,9907,70754,29246,43700,56300,0,540
1,28,42102,9904,37840,62160,0,9907,70810,29190,43650,56350,0,633
1,29,41824,9904,37760,62240,0,9907,70868,29132,43600,56400,0,744
1,30,41548,9904,37680,62320,0,9907,70928,29072,43550,56450,0,871
1,31,41272,9904,37600,62400,0,9907,70990,29010,43500,56500,0,1002
1,32,40996,9904,37520,62480,0,9907,71054,28946,43450,56550,0,1158
1,33,40722,9904,37440,62560,0,9907,71120,28880,43400,56600,0,1341
1,34,40448,9904,37360,62640,0,9907,71188,28812,43350,56650,0,1532
1,35,40176,9904,37280,62720,0,9907,71258,28742,43300,56700,0,1757
1,36,39904,9904,37200,62800,0,9907,71330,28670,43250,56750,0,1991
1,37,39632,9904,37120,62880,0,9907,71404,28596,43200,56800,0,2261
1,38,39362,9904,37040,62960,0,9907,71480,28520,43150,56850,0,2556
1,39,39092,9904,36960,63040,0,9907,71558,28442,43100,56900,0,2879
1,40,38824,9904,36880,63120,0,9907,71638,28362,43050,56950,0,3251
1,41,38556,9904,36800,63200,0,9907,71720,28280,43000,57000,0,3637
1,42,38288,9904,36720,63280,0,9907,71804,28196,42950,57050,0,4076
1,43,38022,9904,36640,63360,0,9907,71890,28110,42900,57100,0,4528
1,44,37756,9904,36560,63440,0,9907,71978,28022,42850,57150,0,5040
1,45,37492,9904,36480,63520,0,9907,72068,27932,42800,57200,0,5623
1,46,37228,9904,36400,63600,0,9907,72160,27840,42750,57250,0,6225
1,47,36964,9904,36320,63680,0,9907,72254,27746,42700,57300,0,6871
1,48,36702,9904,36240,63760,0,9907,72350,27650,42650,57350,0,7596
1,49,36440,9904,36160,63840,0,9907,72448,27552,42600,57400,0,8374
1,50,36180,9904,36080,63920,0,9907,72548,27452,42550,57450,0,9213
1,51,35920,9904,36000,64000,0,9907,72650,27350,42500,57500,0,10111
1,52,35660,9904,35920,64080,0,9907,72754,27246,42450,57550,0,11069
1,53,35402,9904,35840,64160,0,9907,72860,27140,42400,57600,0,12091
1,54,35144,9904,35760,64240,0,9907,72968,27032,42350,57650,0,13224
1,55,34888,9904,35680,64320,0,9907,73078,26922,42300,57700,0,14438
1,56,34632,9904,35600,64400,0,9907,73190,26810,42250,57750,0,15679
1,57,34376,9904,35520,64480,0,9907,73304,26696,42200,57800,0,17049
1,58,34122,9904,35440,64560,0,9907,73420,26580,42150,57850,0,18557
1,59,33868,9904,35360,64640,0,9907,73538,26462,42100,57900,0,20099
1,60,33616,9904,35280,64720,0,9907,73658,26342,42050,57950,0,21803
1,61,33364,9904,35200,64800,0,9907,73780,26220,42000,58000,0,23541
1,62,33112,9904,35120,64880,0,9907,73904,26096,41950,58050,0,25445
1,63,32862,9904,35040,64960,0,9907,74030,25970,41900,58100,0,27456
1,64,32612,9904,34960,65040,0,9907,74158,25842,41850,58150,0,29578
1,65,32364,9904,34880,65120,0,9907,74288,25712,41800,58200,0,31905
1,66,32116,9904,34800,65200,0,9907,74420,25580,41750,58250,0,34277
1,67,31868,9904,34720,65280,0,9907,74554,25446,41700,58300,0,36859
1,68,31622,9904,34640,65360,0,9907,74690,25310,41650,58350,0,39486
1,69,31376,9904,34560,65440,0,9907,74828,25172,41600,58400,0,42338
1,70,31132,9904,34480,65520,0,9907,74968,25032,41550,58450,0,45447
1,71,30888,9904,34400,65600,0,9907,75110,24890,41500,58500,0,48612
1,72,30644,9904,34320,65680,0,9907,75254,24746,41450,58550,0,51931
1,73,30402,9904,34240,65760,0,9907,75400,24600,41400,58600,0,55520
1,74,30160,9904,34160,65840,0,9907,75548,24452,41350,58650,0,59281
1,75,29920,9904,34080,65920,0,9907,75698,24302,41300,58700,0,63239
1,76,29680,9904,34000,66000,0,9907,75850,24150,41250,58750,0,67381
1,77,29440,9904,33920,66080,0,9907,76004,23996,41200,58800,0,71712
1,78,29202,9904,33840,66160,0,9907,76160,23840,41150,58850,0,76239
1,79,28964,9904,33760,66240,0,9907,76318,23682,41100,58900,0,81106
1,80,28728,9904,33680,66320,0,9907,76478,23522,41050,58950,0,86211
1,81,28492,9904,33600,66400,0,9907,76640,23360,41000,59000,0,91390
1,82,28256,9904,33520,66480,0,9907,76804,23196,40950,59050,0,96944
1,83,28022,9904,33440,66560,0,9907,76970,23030,40900,59100,0,102896
1,84,27788,9904,33360,66640,0,9907,77138,22862,40850,59150,0,108934
1,85,27556,9904,33280,66720,0,9907,77308,22692,40800,59200,0,115420
1,86,27324,9904,33200,66800,0,9907,77480,22520,40750,59250,0,121997
1,87,27092,9904,33120,66880,0,9907,77654,22346,40700,59300,0,129022
1,88,26862,9904,33040,66960,0,9907,77830,22170,40650,59350,0,136330
1,89,26632,9904,32960,67040,0,9907,78008,21992,40600,59400,0,143928
1,90,26404,9904,32880,67120,0,9907,78188,21812,40550,59450,0,152059
1,91,26176,9904,32800,67200,0,9907,78370,21630,40500,59500,0,160297
1,92,25948,9904,32720,67280,0,9907,78554,21446,40450,59550,0,169068
1,93,25722,9904,32640,67360,0,9907,78740,21260,40400,59600,0,177949
1,94,25496,9904,32560,67440,0,9907,78928,21072,40350,59650,0,187391
1,95,25272,9904,32480,67520,0,9907,79118,20882,40300,59700,0,197461
1,96,25048,9904,32400,67600,0,9907,79310,20690,40250,59750,0,207659
1,97,24824,9904,32320,67680,0,9907,79504,20496,40200,59800,0,218226
1,98,24602,9904,32240,67760,0,9907,79700,20300,40150,59850,0,229435
1,99,24380,9904,32160,67840,0,9907,79898,20102,40100,59900,0,241047
1,100,24160,9904,32080,67920,0,9907,80098,19902,40050,59950,0,253111
1,101,23940,9904,32000,68000,0,9907,80300,19700,40000,60000,0,265599
1,102,23720,9904,31920,68080,0,9907,80504,19496,39950,60050,0,278518
1,103,23502,9904,31840,68160,0,9907,80710,19290,39900,60100,0,291879
1,104,23284,9904,31760,68240,0,9907,80918,19082,39850,60150,0,306005
1,105,23068,9904,31680,68320,0,9907,81128,18872,39800,60200,0,320657
1,106,22852,9904,31600,68400,0,9907,81340,18660,39750,60250,0,335466
1,107,22636,9904,31520,68480,0,9907,81554,18446,39700,60300,0,351100
1,108,22422,9904,31440,68560,0,9907,81770,18230,39650,60350,0,367597
1,109,22208,9904,31360,68640,0,9907,81988,18012,39600,60400,0,384273
1,110,21996,9904,31280,68720,0,9907,82208,17792,39550,60450,0,401907
1,111,21784,9904,31200,68800,0,9907,82430,17570,39500,60500,0,419725
1,112,21572,9904,31120,68880,0,9907,82654,17346,39450,60550,0,438492
1,113,21362,9904,31040,68960,0,9907,82880,17120,39400,60600,0,457847
1,114,21152,9904,30960,69040,0,9907,83108,16892,39350,60650,0,477801
1,115,20944,9904,30880,69120,0,9907,83338,16662,39300,60700,0,498852
1,116,20736,9904,30800,69200,0,9907,83570,16430,39250,60750,0,520115
1,117,20528,9904,30720,69280,0,9907,83804,16196,39200,60800,0,542463
1,118,20322,9904,30640,69360,0,9907,84040,15960,39150,60850,0,565025
1,119,20116,9904,30560,69440,0,9907,84278,15722,39100,60900,0,588718
1,120,19912,9904,30480,69520,0,9907,84518,15482,39050,60950,0,613660
1,121,19708,9904,30400,69600,0,9907,84760,15240,39000,61000,0,638845
1,122,19504,9904,30320,69680,0,9907,85004,14996,38950,61050,0,664758
1,123,19302,9904,30240,69760,0,9907,85250,14750,38900,61100,0,691928
1,124,19100,9904,30160,69840,0,9907,85498,14502,38850,61150,0,719876
1,125,18900,9904,30080,69920,0,9907,85748,14252,38800,61200,0,748694
1,126,18700,9904,30000,70000,0,9907,86000,14000,38750,61250,0,778321
1,127,18500,9904,29920,70080,0,9907,86254,13746,38700,61300,0,808773
1,128,18302,9904,29840,70160,0,9907,86510,13490,38650,61350,0,840061
1,129,18104,9904,29760,70240,0,9907,86768,13232,38600,61400,0,872799
1,130,17908,9904,29680,70320,0,9907,87028,12972,38550,61450,0,906517
1,131,17712,9904,29600,70400,0,9907,87290,12710,38500,61500,0,940525
1,132,17516,9904,29520,70480,0,9907,87554,12446,38450,61550,0,976071
1,133,17322,9904,29440,70560,0,9907,87820,12180,38400,61600,0,1013214
1,134,17128,9904,29360,70640,0,9907,88088,11912,38350,61650,0,1050679
1,135,16936,9904,29280,70720,0,9907,88358,11642,38300,61700,0,1089898
1,136,16744,9904,29200,70800,0,9907,88630,11370,38250,61750,0,1129446
1,137,16552,9904,29120,70880,0,9907,88904,11096,38200,61800,0,1170718
1,138,16362,9904,29040,70960,0,9907,89180,10820,38150,61850,0,1213049
1,139,16172,9904,28960,71040,0,9907,89458,10542,38100,61900,0,1256455
1,140,15984,9904,28880,71120,0,9907,89738,10262,38050,61950,0,1301823
1,141,15796,9904,28800,71200,0,9907,90020,9980,38000,62000,0,1347561
1,142,15608,9904,28720,71280,0,9907,90304,9696,37950,62050,0,1395224
1,143,15422,9904,28640,71360,0,9907,90590,9410,37900,62100,0,1443259
1,144,15236,9904,28560,71440,0,9907,90878,9122,37850,62150,0,1493288
1,145,15052,9904,28480,71520,0,9907,91168,8832,37800,62200,0,1545500
1,146,14868,9904,28400,71600,0,9907,91460,8540,37750,62250,0,1598128
1,147,14684,9904,28320,71680,0,9907,91754,8246,37700,62300,0,1652017
1,148,14502,9904,28240,71760,0,9907,92050,7950,37650,62350,0,1708083
1,149,14320,9904,28160,71840,0,9907,92348,7652,37600,62400,0,1765484
1,150,14140,9904,28080,71920,0,9907,92648,7352,37550,62450,0,1824372
1,151,13960,9904,28000,72000,0,9907,92950,7050,37500,62500,0,1883888
1,152,13780,9904,27920,72080,0,9907,93254,6746,37450,62550,0,1944030
1,153,13602,9904,27840,72160,0,9907,93560,6440,37400,62600,0,2004800
1,154,13424,9904,27760,72240,0,9907,93868,6132,37350,62650,0,2066197
1,155,13248,9904,27680,72320,0,9907,94178,5822,37300,62700,0,2128221
1,156,13072,9904,27600,72400,0,9907,94490,5510,37250,62750,0,2190872
1,157,12896,9904,27520,72480,0,9907,94804,5196,37200,62800,0,2254151
1,158,12722,9904,27440,72560,0,9907,94804,5196,37150,62850,0,2318056
1,159,12548,9904,27360,72640,0,9907,94804,5196,37100,62900,0,2382589
1,160,12376,9904,27280,72720,0,9907,94804,5196,37050,62950,0,2447749
1,161,12204,9904,27200,72800,0,9907,94804,5196,37000,63000,0,2513537
1,162,12032,9904,27120,72880,0,9907,94804,5196,36950,63050,0,2579951
1,163,11862,9904,27040,72960,0,9907,94804,5196,36900,63100,0,2646993
1,164,11692,9904,26960,73040,0,9907,94804,5196,36850,63150,0,2714661
1,165,11524,9904,26880,73120,0,9907,94804,5196,36800,63200,0,2782957
1,166,11356,9904,26800,73200,0,9907,94804,5196,36750,63250,0,2851880
1,167,11188,9904,26720,73280,0,9907,94804,5196,36700,63300,0,2921431
1,168,11022,9904,26640,73360,0,9907,94804,5196,36650,63350,0,2991608
1,169,10856,9904,26560,73440,0,9907,94804,5196,36600,63400,0,3062413
1,170,10692,9904,26480,73520,0,9907,94804,5196,36550,63450,0,3133845
2,1,40016,9905,32000,68000,0,9907,75000,25000,35000,65000,0,120
2,2,39716,9905,31925,67975,100,9907,75004,24996,34930,65070,0,120
2,3,39418,9905,31850,67950,200,9907,75010,24990,34860,65140,0,120
2,4,39120,9905,31775,67925,300,9907,75018,24982,34790,65210,0,120
2,5,38824,9905,31700,67900,400,9907,75028,24972,34720,65280,0,120
2,6,38529,9905,31625,67875,500,9907,75040,24960,34650,65350,0,120
2,7,38235,9905,31550,67850,600,9907,75054,24946,34580,65420,0,120
2,8,37943,9905,31475,67825,700,9907,75070,24930,34510,65490,0,120
2,9,37651,9905,31400,67800,800,9907,75088,24912,34440,65560,0,120
2,10,37361,9905,31325,67775,900,9907,75108,24892,34370,65630,0,120
2,11,37071,9905,31250,67750,1000,9907,75130,24870,34300,65700,0,120
2,12,36783,9905,31175,67725,1100,9907,75154,24846,34230,65770,0,120
2,13,36496,9905,31100,67700,1200,9907,75180,24820,34160,65840,0,120
2,14,36210,9905,31025,67675,1300,9907,75208,24792,34090,65910,0,120
2,15,35925,9905,30950,67650,1400,9907,75238,24762,34020,65980,0,120
2,16,35641,9905,30875,67625,1500,9907,75270,24730,33950,66050,0,120
2,17,35359,9905,30800,67600,1600,9907,75304,24696,33880,66120,0,151
2,18,35077,9905,30725,67575,1700,9907,75340,24660,33810,66190,0,189
2,19,34797,9905,30650,67550,1800,9907,75378,24622,33740,66260,0,239
2,20,34517,9905,30575,67525,1900,9907,75418,24582,33670,66330,0,303
2,21,34239,9905,30500,67500,2000,9907,75460,24540,33600,66400,0,311
2,22,33962,9905,30425,67475,2100,9907,75504,24496,33530,66470,0,379
2,23,33686,9905,30350,67450,2200,9907,75550,24450,33460,66540,0,463
2,24,33412,9905,30275,67425,2300,9907,75598,24402,33390,66610,0,560
2,25,33138,9905,30200,67400,2400,9907,75648,24352,33320,66680,0,672
2,26,32866,9905,30125,67375,2500,9907,75700,24300,33250,66750,0,640
2,27,32594,9905,30050,67350,2600,9907,75754,24246,33180,66820,0,756
2,28,32324,9905,29975,67325,2700,9907,75810,24190,33110,66890,0,886
2,29,32055,9905,29900,67300,2800,9907,75868,24132,33040,66960,0,1042
2,30,31787,9905,29825,67275,2900,9907,75928,24072,32970,67030,0,1219
2,31,31520,9905,29750,67250,3000,9907,75990,24010,32900,67100,0,1403
2,32,31254,9905,29675,67225,3100,9907,76054,23946,32830,67170,0,1621
2,33,30990,9905,29600,67200,3200,9907,76120,23880,32760,67240,0,1877
2,34,30726,9905,29525,67175,3300,9907,76188,23812,32690,67310,0,2145
2,35,30464,9905,29450,67150,3400,9907,76258,23742,32620,67380,0,2460
2,36,30202,9905,29375,67125,3500,9907,76330,23670,32550,67450,0,2787
2,37,29942,9905,29300,67100,3600,9907,76404,23596,32480,67520,0,3165
2,38,29683,9905,29225,67075,3700,9907,76480,23520,32410,67590,0,3579
2,39,29425,9905,29150,67050,3800,9907,76558,23442,32340,67660,0,4030
2,40,29169,9905,29075,67025,3900,9907,76638,23362,32270,67730,0,4552
2,41,28913,9905,29000,67000,4000,9907,76720,23280,32200,67800,0,5091
2,42,28658,9905,28925,66975,4100,9907,76804,23196,32130,67870,0,5706
2,43,28405,9905,28850,66950,4200,9907,76890,23110,32060,67940,0,6339
2,44,28153,9905,28775,66925,4300,9907,76978,23022,31990,68010,0,7056
2,45,27902,9905,28700,66900,4400,9907,77068,22932,31920,68080,0,7873
2,46,27652,9905,28625,66875,4500,9907,77160,22840,31850,68150,0,8714
2,47,27403,9905,28550,66850,4600,9907,77254,22746,31780,68220,0,9619
2,48,27155,9905,28475,66825,4700,9907,77350,22650,31710,68290,0,10634
2,49,26908,9905,28400,66800,4800,9907,77448,22552,31640,68360,0,11724
2,50,26663,9905,28325,66775,4900,9907,77548,22452,31570,68430,0,12898
2,51,26419,9905,28250,66750,5000,9907,77650,22350,31500,68500,0,14155
2,52,26175,9905,28175,66725,5100,9907,77754,22246,31430,68570,0,15496
2,53,25933,9905,28100,66700,5200,9907,77860,22140,31360,68640,0,16927
2,54,25692,9905,28025,66675,5300,9907,77968,22032,31290,68710,0,18513
2,55,25452,9905,27950,66650,5400,9907,78078,21922,31220,68780,0,20213
2,56,25214,9905,27875,66625,5500,9907,78190,21810,31150,68850,0,21951
2,57,24976,9905,27800,66600,5600,9907,78304,21696,31080,68920,0,23868
2,58,24739,9905,27725,66575,5700,9907,78420,21580,31010,68990,0,25980
2,59,24504,9905,27650,66550,5800,9907,78538,21462,30940,69060,0,28139
2,60,24270,9905,27575,66525,5900,9907,78658,21342,30870,69130,0,30524
2,61,24037,9905,27500,66500,6000,9907,78780,21220,30800,69200,0,32958
2,62,23805,9905,27425,66475,6100,9907,78904,21096,30730,69270,0,35623
2,63,23574,9905,27350,66450,6200,9907,79030,20970,30660,69340,0,38439
2,64,23344,9905,27275,66425,6300,9907,79158,20842,30590,69410,0,41409
2,65,23115,9905,27200,66400,6400,9907,79288,20712,30520,69480,0,44667
2,66,22888,9905,27125,66375,6500,9907,79420,20580,30450,69550,0,47988
2,67,22661,9905,27050,66350,6600,9907,79554,20446,30380,69620,0,51602
2,68,22436,9905,26975,66325,6700,9907,79690,20310,30310,69690,0,55280
2,69,22212,9905,26900,66300,6800,9907,79828,20172,30240,69760,0,59273
2,70,21989,9905,26825,66275,6900,9907,79968,20032,30170,69830,0,63626
2,71,21767,9905,26750,66250,7000,9907,80110,19890,30100,69900,0,68056
2,72,21546,9905,26675,66225,7100,9907,80254,19746,30030,69970,0,72704
2,73,21327,9905,26600,66200,7200,9907,80400,19600,29960,70040,0,77728
2,74,21108,9905,26525,66175,7300,9907,80548,19452,29890,70110,0,82993
2,75,20891,9905,26450,66150,7400,9907,80698,19302,29820,70180,0,88534
2,76,20675,9905,26375,66125,7500,9907,80850,19150,29750,70250,0,94333
2,77,20459,9905,26300,66100,7600,9907,81004,18996,29680,70320,0,100397
2,78,20245,9905,26225,66075,7700,9907,81160,18840,29610,70390,0,106734
2,79,20033,9905,26150,66050,7800,9907,81318,18682,29540,70460,0,113548
2,80,19821,9905,26075,66025,7900,9907,81478,18522,29470,70530,0,120695
2,81,19610,9905,26000,66000,8000,9907,81640,18360,29400,70600,0,127946
2,82,19401,9905,25925,65975,8100,9907,81804,18196,29330,70670,0,135722
2,83,19192,9905,25850,65950,8200,9907,81970,18030,29260,70740,0,144054
2,84,18985,9905,25775,65925,8300,9907,82138,17862,29190,70810,0,152508
2,85,18779,9905,25700,65900,8400,9907,82308,17692,29120,70880,0,161588
2,86,18574,9905,25625,65875,8500,9907,82480,17520,29050,70950,0,170795
2,87,18370,9905,25550,65850,8600,9907,82654,17346,28980,71020,0,180631
2,88,18167,9905,25475,65825,8700,9907,82830,17170,28910,71090,0,190862
2,89,17966,9905,25400,65800,8800,9907,83008,16992,28840,71160,0,201499
2,90,17765,9905,25325,65775,8900,9907,83188,16812,28770,71230,0,212882
2,91,17566,9905,25250,65750,9000,9907,83370,16630,28700,71300,0,224416
2,92,17367,9905,25175,65725,9100,9907,83554,16446,28630,71370,0,236696
2,93,17170,9905,25100,65700,9200,9907,83740,16260,28560,71440,0,249128
2,94,16974,9905,25025,65675,9300,9907,83928,16072,28490,71510,0,262348
2,95,16779,9905,24950,65650,9400,9907,84118,15882,28420,71580,0,276445
2,96,16586,9905,24875,65625,9500,9907,84310,15690,28350,71650,0,290722
2,97,16393,9905,24800,65600,9600,9907,84504,15496,28280,71720,0,305516
2,98,16201,9905,24725,65575,9700,9907,84700,15300,28210,71790,0,321209
2,99,16011,9905,24650,65550,9800,9907,84898,15102,28140,71860,0,337466
2,100,15822,9905,24575,65525,9900,9907,85098,14902,28070,71930,0,354356
2,101,15634,9905,24500,65500,10000,9907,85300,14700,28000,72000,0,371839
2,102,15447,9905,24425,65475,10100,9907,85504,14496,27930,72070,0,389925
2,103,15261,9905,24350,65450,10200,9907,85710,14290,27860,72140,0,408631
2,104,15076,9905,24275,65425,10300,9907,85918,14082,27790,72210,0,428407
2,105,14892,9905,24200,65400,10400,9907,86128,13872,27720,72280,0,448919
2,106,14710,9905,24125,65375,10500,9907,86340,13660,27650,72350,0,469652
2,107,14528,9905,24050,65350,10600,9907,86554,13446,27580,72420,0,491540
2,108,14348,9905,23975,65325,10700,9907,86770,13230,27510,72490,0,514635
2,109,14169,9905,23900,65300,10800,9907,86988,13012,27440,72560,0,537983
2,110,13991,9905,23825,65275,10900,9907,87208,12792,27370,72630,0,562670
2,111,13814,9905,23750,65250,11000,9907,87430,12570,27300,72700,0,587615
2,112,13638,9905,23675,65225,11100,9907,87654,12346,27230,72770,0,613889
2,113,13464,9905,23600,65200,11200,9907,87880,12120,27160,72840,0,640986
2,114,13290,9905,23525,65175,11300,9907,88108,11892,27090,72910,0,668922
2,115,13118,9905,23450,65150,11400,9907,88338,11662,27020,72980,0,698392
2,116,12946,9905,23375,65125,11500,9907,88570,11430,26950,73050,0,728161
2,117,12776,9905,23300,65100,11600,9907,88804,11196,26880,73120,0,759448
2,118,12607,9905,23225,65075,11700,9907,89040,10960,26810,73190,0,791035
2,119,12439,9905,23150,65050,11800,9907,89278,10722,26740,73260,0,824206
2,120,12273,9905,23075,65025,11900,9907,89518,10482,26670,73330,0,859124
2,121,12107,9905,23000,65000,12000,9907,89760,10240,26600,73400,0,894383
2,122,11942,9905,22925,64975,12100,9907,90004,9996,26530,73470,0,930662
2,123,11779,9905,22850,64950,12200,9907,90250,9750,26460,73540,0,968700
2,124,11617,9905,22775,64925,12300,9907,90498,9502,26390,73610,0,1007827
2,125,11456,9905,22700,64900,12400,9907,90748,9252,26320,73680,0,1048172
2,126,11296,9905,22625,64875,12500,9907,91000,9000,26250,73750,0,1089650
2,127,11137,9905,22550,64850,12600,9907,91254,8746,26180,73820,0,1132282
2,128,10979,9905,22475,64825,12700,9907,91510,8490,26110,73890,0,1176086
2,129,10822,9905,22400,64800,12800,9907,91768,8232,26040,73960,0,1221918
2,130,10667,9905,22325,64775,12900,9907,92028,7972,25970,74030,0,1269124
2,131,10512,9905,22250,64750,13000,9907,92290,7710,25900,74100,0,1316735
2,132,10359,9905,22175,64725,13100,9907,92554,7446,25830,74170,0,1366499
2,133,10207,9905,22100,64700,13200,9907,92820,7180,25760,74240,0,1418500
2,134,10056,9905,22025,64675,13300,9907,93088,6912,25690,74310,0,1470951
2,135,9906,9905,21950,64650,13400,9907,93358,6642,25620,74380,0,1525857
2,136,9757,9905,21875,64625,13500,9907,93630,6370,25550,74450,0,1581224
2,137,9672,9905,21800,64600,13600,9907,93904,6096,25480,74520,0,1639004
2,138,9596,9905,21725,64575,13700,9907,94180,5820,25410,74590,0,1698268
2,139,9520,9905,21650,64550,13800,9907,94458,5542,25340,74660,0,1759037
2,140,9444,9905,21575,64525,13900,9907,94738,5262,25270,74730,0,1822552
2,141,9368,9905,21500,64500,14000,9907,94738,5262,25200,74800,0,1886585
2,142,9292,9905,21425,64475,14100,9907,94738,5262,25130,74870,0,1953313
2,143,9216,9905,21350,64450,14200,9907,94738,5262,25060,74940,0,2020562
2,144,9140,9905,21275,64425,14300,9907,94738,5262,24990,75010,0,2090604
2,145,9064,9905,21200,64400,14400,9907,94738,5262,24920,75080,0,2163700
2,146,8988,9905,21125,64375,14500,9907,94738,5262,24850,75150,0,2237379
2,147,8912,9905,21050,64350,14600,9907,94738,5262,24780,75220,0,2312824
2,148,8836,9905,20975,64325,14700,9907,94738,5262,24710,75290,0,2391316
2,149,8760,9905,20900,64300,14800,9907,94738,5262,24640,75360,0,2471678
2,150,8684,9905,20825,64275,14900,9907,94738,5262,24570,75430,0,2554121
2,151,8608,9905,20750,64250,15000,9907,94738,5262,24500,75500,0,2637443
2,152,8532,9905,20675,64225,15100,9907,94738,5262,24430,75570,0,2721642
2,153,8456,9905,20600,64200,15200,9907,94738,5262,24360,75640,0,2806720
2,154,8380,9905,20525,64175,15300,9907,94738,5262,24290,75710,0,2892676
2,155,8304,9905,20450,64150,15400,9907,94738,5262,24220,75780,0,2979509
2,156,8228,9905,20375,64125,15500,9907,94738,5262,24150,75850,0,3067221
2,157,8152,9905,20300,64100,15600,9907,94738,5262,24080,75920,0,3155811
2,158,8076,9905,20225,64075,15700,9907,94738,5262,24010,75990,0,3245279
2,159,8000,9905,20150,64050,15800,9907,94738,5262,23940,76060,0,3335625
2,160,7924,9905,20075,64025,15900,9907,94738,5262,23870,76130,0,3426849
2,161,7848,9905,20000,64000,16000,9907,94738,5262,23800,76200,0,3518951
2,162,7772,9905,19925,63975,16100,9907,94738,5262,23730,76270,0,3611931
2,163,7696,9905,19850,63950,16200,9907,94738,5262,23660,76340,0,3705789
2,164,7620,9905,19775,63925,16300,9907,94738,5262,23590,76410,0,3800526
2,165,7544,9905,19700,63900,16400,9907,94738,5262,23520,76480,0,3896140
2,166,7468,9905,19625,63875,16500,9907,94738,5262,23450,76550,0,3992632
2,167,7392,9905,19550,63850,16600,9907,94738,5262,23380,76620,0,4090003
2,168,7316,9905,19475,63825,16700,9907,94738,5262,23310,76690,0,4188252
2,169,7240,9905,19400,63800,16800,9907,94738,5262,23240,76760,0,4287378
2,170,7164,9905,19325,63775,16900,9907,94738,5262,23170,76830,0,4387383
3,1,25005,9906,20000,70000,10000,9907,100000,0,25000,75000,0,240
3,2,24842,9906,19925,69975,10100,9907,100000,0,24930,75070,0,240
3,3,24680,9906,19850,69950,10200,9907,100000,0,24860,75140,0,240
3,4,24519,9906,19775,69925,10300,9907,100000,0,24790,75210,0,240
3,5,24358,9906,19700,69900,10400,9907,100000,0,24720,75280,0,240
3,6,24198,9906,19625,69875,10500,9907,100000,0,24650,75350,0,240
3,7,24038,9906,19550,69850,10600,9907,100000,0,24580,75420,0,240
3,8,23879,9906,19475,69825,10700,9907,100000,0,24510,75490,0,240
3,9,23720,9906,19400,69800,10800,9907,100000,0,24440,75560,0,240
3,10,23562,9906,19325,69775,10900,9907,100000,0,24370,75630,0,240
3,11,23404,9906,19250,69750,11000,9907,100000,0,24300,75700,0,240
3,12,23247,9906,19175,69725,11100,9907,100000,0,24230,75770,0,240
3,13,23090,9906,19100,69700,11200,9907,100000,0,24160,75840,0,240
3,14,22934,9906,19025,69675,11300,9907,100000,0,24090,75910,0,240
3,15,22778,9906,18950,69650,11400,9907,100000,0,24020,75980,0,240
3,16,22623,9906,18875,69625,11500,9907,100000,0,23950,76050,0,240
3,17,22468,9906,18800,69600,11600,9907,100000,0,23880,76120,0,240
3,18,22314,9906,18725,69575,11700,9907,100000,0,23810,76190,0,270
3,19,22160,9906,18650,69550,11800,9907,100000,0,23740,76260,0,341
3,20,22007,9906,18575,69525,11900,9907,100000,0,23670,76330,0,433
3,21,21854,9906,18500,69500,12000,9907,100000,0,23600,76400,0,444
3,22,21702,9906,18425,69475,12100,9907,100000,0,23530,76470,0,541
3,23,21550,9906,18350,69450,12200,9907,100000,0,23460,76540,0,661
3,24,21399,9906,18275,69425,12300,9907,100000,0,23390,76610,0,800
3,25,21248,9906,18200,69400,12400,9907,100000,0,23320,76680,0,960
3,26,21098,9906,18125,69375,12500,9907,100000,0,23250,76750,0,915
3,27,20948,9906,18050,69350,12600,9907,100000,0,23180,76820,0,1080
3,28,20799,9906,17975,69325,12700,9907,100000,0,23110,76890,0,1266
3,29,20650,9906,17900,69300,12800,9907,100000,0,23040,76960,0,1488
3,30,20502,9906,17825,69275,12900,9907,100000,0,22970,77030,0,1741
3,31,20354,9906,17750,69250,13000,9907,100000,0,22900,77100,0,2004
3,32,20207,9906,17675,69225,13100,9907,100000,0,22830,77170,0,2316
3,33,20060,9906,17600,69200,13200,9907,100000,0,22760,77240,0,2682
3,34,19914,9906,17525,69175,13300,9907,100000,0,22690,77310,0,3064
3,35,19768,9906,17450,69150,13400,9907,100000,0,22620,77380,0,3513
3,36,19623,9906,17375,69125,13500,9907,100000,0,22550,77450,0,3981
3,37,19478,9906,17300,69100,13600,9907,100000,0,22480,77520,0,4521
3,38,19334,9906,17225,69075,13700,9907,100000,0,22410,77590,0,5112
3,39,19190,9906,17150,69050,13800,9907,100000,0,22340,77660,0,5757
3,40,19047,9906,17075,69025,13900,9907,100000,0,22270,77730,0,6502
3,41,18904,9906,17000,69000,14000,9907,100000,0,22200,77800,0,7273
3,42,18762,9906,16925,68975,14100,9907,100000,0,22130,77870,0,8151
3,43,18620,9906,16850,68950,14200,9907,100000,0,22060,77940,0,9055
3,44,18479,9906,16775,68925,14300,9907,100000,0,21990,78010,0,10080
3,45,18338,9906,16700,68900,14400,9907,100000,0,21920,78080,0,11246
3,46,18198,9906,16625,68875,14500,9907,100000,0,21850,78150,0,12449
3,47,18058,9906,16550,68850,14600,9907,100000,0,21780,78220,0,13741
3,48,17919,9906,16475,68825,14700,9907,100000,0,21710,78290,0,15192
3,49,17780,9906,16400,68800,14800,9907,100000,0,21640,78360,0,16748
3,50,17642,9906,16325,68775,14900,9907,100000,0,21570,78430,0,18426
3,51,17504,9906,16250,68750,15000,9907,100000,0,21500,78500,0,20221
3,52,17367,9906,16175,68725,15100,9907,100000,0,21430,78570,0,22137
3,53,17230,9906,16100,68700,15200,9907,100000,0,21360,78640,0,24181
3,54,17094,9906,16025,68675,15300,9907,100000,0,21290,78710,0,26448
3,55,16958,9906,15950,68650,15400,9907,100000,0,21220,78780,0,28876
3,56,16823,9906,15875,68625,15500,9907,100000,0,21150,78850,0,31358
3,57,16688,9906,15800,68600,15600,9907,100000,0,21080,78920,0,34097
3,58,16554,9906,15725,68575,15700,9907,100000,0,21010,78990,0,37114
3,59,16420,9906,15650,68550,15800,9907,100000,0,20940,79060,0,40198
3,60,16287,9906,15575,68525,15900,9907,100000,0,20870,79130,0,43605
3,61,16154,9906,15500,68500,16000,9907,100000,0,20800,79200,0,47082
3,62,16021,9906,15425,68475,16100,9907,100000,0,20730,79270,0,50889
3,63,15890,9906,15350,68450,16200,9907,100000,0,20660,79340,0,54912
3,64,15758,9906,15275,68425,16300,9907,100000,0,20590,79410,0,59156
3,65,15628,9906,15200,68400,16400,9907,100000,0,20520,79480,0,63810
3,66,15497,9906,15125,68375,16500,9907,100000,0,20450,79550,0,68554
3,67,15368,9906,15050,68350,16600,9907,100000,0,20380,79620,0,73717
3,68,15238,9906,14975,68325,16700,9907,100000,0,20310,79690,0,78971
3,69,15110,9906,14900,68300,16800,9907,100000,0,20240,79760,0,84676
3,70,14981,9906,14825,68275,16900,9907,100000,0,20170,79830,0,90893
3,71,14854,9906,14750,68250,17000,9907,100000,0,20100,79900,0,97223
3,72,14726,9906,14675,68225,17100,9907,100000,0,20030,79970,0,103862
3,73,14600,9906,14600,68200,17200,9907,100000,0,19960,80040,0,111039
3,74,14473,9906,14525,68175,17300,9907,100000,0,19890,80110,0,118562
3,75,14348,9906,14450,68150,17400,9907,100000,0,19820,80180,0,126477
3,76,14222,9906,14375,68125,17500,9907,100000,0,19750,80250,0,134761
3,77,14098,9906,14300,68100,17600,9907,100000,0,19680,80320,0,143424
3,78,13973,9906,14225,68075,17700,9907,100000,0,19610,80390,0,152477
3,79,13850,9906,14150,68050,17800,9907,100000,0,19540,80460,0,162211
3,80,13726,9906,14075,68025,17900,9907,100000,0,19470,80530,0,172421
3,81,13604,9906,14000,68000,18000,9907,100000,0,19400,80600,0,182779
3,82,13481,9906,13925,67975,18100,9907,100000,0,19330,80670,0,193888
3,83,13359,9906,13850,67950,18200,9907,100000,0,19260,80740,0,205791
3,84,13238,9906,13775,67925,18300,9907,100000,0,19190,80810,0,217868
3,85,13117,9906,13700,67900,18400,9907,100000,0,19120,80880,0,230840
3,86,12997,9906,13625,67875,18500,9907,100000,0,19050,80950,0,243993
3,87,12877,9906,13550,67850,18600,9907,100000,0,18980,81020,0,258043
3,88,12758,9906,13475,67825,18700,9907,100000,0,18910,81090,0,272660
3,89,12639,9906,13400,67800,18800,9907,100000,0,18840,81160,0,287856
3,90,12521,9906,13325,67775,18900,9907,100000,0,18770,81230,0,304117
3,91,12403,9906,13250,67750,19000,9907,100000,0,18700,81300,0,320594
3,92,12286,9906,13175,67725,19100,9907,100000,0,18630,81370,0,338136
3,93,12169,9906,13100,67700,19200,9907,100000,0,18560,81440,0,355898
3,94,12053,9906,13025,67675,19300,9907,100000,0,18490,81510,0,374782
3,95,11937,9906,12950,67650,19400,9907,100000,0,18420,81580,0,394921
3,96,11822,9906,12875,67625,19500,9907,100000,0,18350,81650,0,415317
3,97,11707,9906,12800,67600,19600,9907,100000,0,18280,81720,0,436451
3,98,11593,9906,12725,67575,19700,9907,100000,0,18210,81790,0,458870
3,99,11479,9906,12650,67550,19800,9907,100000,0,18140,81860,0,482094
3,100,11366,9906,12575,67525,19900,9907,100000,0,18070,81930,0,506222
3,101,11253,9906,12500,67500,20000,9907,100000,0,18000,82000,0,531198
3,102,11141,9906,12425,67475,20100,9907,100000,0,17930,82070,0,557036
3,103,11029,9906,12350,67450,20200,9907,100000,0,17860,82140,0,583758
3,104,10918,9906,12275,67425,20300,9907,100000,0,17790,82210,0,612010
3,105,10807,9906,12200,67400,20400,9907,100000,0,17720,82280,0,641313
3,106,10697,9906,12125,67375,20500,9907,100000,0,17650,82350,0,670932
3,107,10587,9906,12050,67350,20600,9907,100000,0,17580,82420,0,702200
3,108,10478,9906,11975,67325,20700,9907,100000,0,17510,82490,0,735193
3,109,10369,9906,11900,67300,20800,9907,100000,0,17440,82560,0,768546
3,110,10261,9906,11825,67275,20900,9907,100000,0,17370,82630,0,803815
3,111,10153,9906,11750,67250,21000,9907,100000,0,17300,82700,0,839450
3,112,10046,9906,11675,67225,21100,9907,100000,0,17230,82770,0,876984
3,113,9939,9906,11600,67200,21200,9907,100000,0,17160,82840,0,915694
3,114,9833,9906,11525,67175,21300,9907,100000,0,17090,82910,0,955602
3,115,9727,9906,11450,67150,21400,9907,100000,0,17020,82980,0,997703
3,116,9622,9906,11375,67125,21500,9907,100000,0,16950,83050,0,1040229
3,117,9517,9906,11300,67100,21600,9907,100000,0,16880,83120,0,1084925
3,118,9413,9906,11225,67075,21700,9907,100000,0,16810,83190,0,1130050
3,119,9309,9906,11150,67050,21800,9907,100000,0,16740,83260,0,1177436
3,120,9206,9906,11075,67025,21900,9907,100000,0,16670,83330,0,1227320
3,121,9103,9906,11000,67000,22000,9907,100000,0,16600,83400,0,1277690
3,122,9001,9906,10925,66975,22100,9907,100000,0,16530,83470,0,1329516
3,123,8899,9906,10850,66950,22200,9907,100000,0,16460,83540,0,1383856
3,124,8798,9906,10775,66925,22300,9907,100000,0,16390,83610,0,1439752
3,125,8697,9906,10700,66900,22400,9907,100000,0,16320,83680,0,1497388
3,126,8597,9906,10625,66875,22500,9907,100000,0,16250,83750,0,1556642
3,127,8497,9906,10550,66850,22600,9907,100000,0,16180,83820,0,1617545
3,128,8398,9906,10475,66825,22700,9907,100000,0,16110,83890,0,1680122
3,129,8299,9906,10400,66800,22800,9907,100000,0,16040,83960,0,1745598
3,130,8201,9906,10325,66775,22900,9907,100000,0,15970,84030,0,1813034
3,131,8103,9906,10250,66750,23000,9907,100000,0,15900,84100,0,1881049
3,132,8006,9906,10175,66725,23100,9907,100000,0,15830,84170,0,1952142
3,133,7909,9906,10100,66700,23200,9907,100000,0,15760,84240,0,2026428
3,134,7813,9906,10025,66675,23300,9907,100000,0,15690,84310,0,2101358
3,135,7717,9906,9950,66650,23400,9907,100000,0,15620,84380,0,2179796
3,136,7622,9906,9875,66625,23500,9907,100000,0,15550,84450,0,2258891
3,137,7527,9906,9800,66600,23600,9907,100000,0,15480,84520,0,2341435
3,138,7433,9906,9725,66575,23700,9907,100000,0,15410,84590,0,2426097
3,139,7339,9906,9650,66550,23800,9907,100000,0,15340,84660,0,2512909
3,140,7246,9906,9575,66525,23900,9907,100000,0,15270,84730,0,2603645
3,141,7153,9906,9500,66500,24000,9907,100000,0,15200,84800,0,2695121
3,142,7060,9906,9425,66475,24100,9907,100000,0,15130,84870,0,2790447
3,143,6969,9906,9350,66450,24200,9907,100000,0,15060,84940,0,2886517
3,144,6877,9906,9275,66425,24300,9907,100000,0,14990,85010,0,2986576
3,145,6787,9906,9200,66400,24400,9907,100000,0,14920,85080,0,3091000
3,146,6696,9906,9125,66375,24500,9907,100000,0,14850,85150,0,3196256
3,147,6607,9906,9050,66350,24600,9907,100000,0,14780,85220,0,3304034
3,148,6517,9906,8975,66325,24700,9907,100000,0,14710,85290,0,3416166
3,149,6429,9906,8900,66300,24800,9907,100000,0,14640,85360,0,3530968
3,150,6340,9906,8825,66275,24900,9907,100000,0,14570,85430,0,3648744
3,151,6253,9906,8750,66250,25000,9907,100000,0,14500,85500,0,3767775
3,152,6165,9906,8675,66225,25100,9907,100000,0,14430,85570,0,3888060
3,153,6079,9906,8600,66200,25200,9907,100000,0,14360,85640,0,4009600
3,154,5992,9906,8525,66175,25300,9907,100000,0,14290,85710,0,4132393
3,155,5907,9906,8450,66150,25400,9907,100000,0,14220,85780,0,4256442
3,156,5821,9906,8375,66125,25500,9907,100000,0,14150,85850,0,4381744
3,157,5737,9906,8300,66100,25600,9907,100000,0,14080,85920,0,4508301
3,158,5652,9906,8225,66075,25700,9907,100000,0,14010,85990,0,4636112
3,159,5569,9906,8150,66050,25800,9907,100000,0,13940,86060,0,4765178
3,160,5485,9906,8075,66025,25900,9907,100000,0,13870,86130,0,4895498
3,161,5403,9906,8000,66000,26000,9907,100000,0,13800,86200,0,5027073
3,162,5320,9906,7925,65975,26100,9907,100000,0,13730,86270,0,5159901
3,163,5238,9906,7850,65950,26200,9907,100000,0,13660,86340,0,5293985
3,164,5157,9906,7775,65925,26300,9907,100000,0,13590,86410,0,5429322
3,165,5076,9906,7700,65900,26400,9907,100000,0,13520,86480,0,5565914
3,166,4996,9906,7625,65875,26500,9907,100000,0,13450,86550,0,5703760
3,167,4916,9906,7550,65850,26600,9907,100000,0,13380,86620,0,5842861
3,168,4837,9906,7475,65825,26700,9907,100000,0,13310,86690,0,5983216
3,169,4758,9906,7400,65800,26800,9907,100000,0,13240,86760,0,6124826
3,170,4680,9906,7325,65775,26900,9907,100000,0,13170,86830,0,6267690
